{"current":{"heading_color":"#248eff","text_color":"#000000","accent_color":"#248eff","link_color":"#248eff","border_color":"#e7e7e7","background":"#ffffff","secondary_background":"#ffffff","error_color":"#f71b1b","success_color":"#00d864","primary_button_background":"#248eff","primary_button_text_color":"#ffffff","secondary_button_background":"#248eff","secondary_button_text_color":"#ffffff","footer_background":"#248eff","footer_text_color":"#ffffff","header_background":"#248eff","header_text_color":"#ffffff","header_light_text_color":"#248eff","header_accent_color":"#248eff","product_on_sale_accent":"#248eff","product_cor_do_preco":"#248eff","product_cor_do_preco_riscado":"#a4a9be","product_cor_dos_titles":"#248eff","product_in_stock_color":"#00d864","product_low_stock_color":"#ee0000","product_sold_out_color":"#d1d1d4","product_label_1_background":"#ff6128","product_label_2_background":"#a95ebe","product_star_color":"#ffb647","ali_hunter_enable":true,"botao_direito_enable":true,"addzap":true,"numberzap":"","titlezap":"Fale Conosco \n<span>\nO melhor suporte é com a (Sua Loja)!\n<\/span>","colorzap":"#000000","chatzap":"Olá, estou aqui para te ajudar! (Editável)","digizap":"Digite sua mensagem...","base_text_font_size":15,"heading_font":"poppins_n4","text_font":"poppins_n4","underline_links":true,"animation_image_zoom":false,"search_mode":"product","mostrar_fretegratis1":true,"cordabarra":"#00d864","cordotexto":"#ffffff","corstars":"#ffce00","show_vendor":false,"show_secondary_image":true,"show_discount":true,"discount_mode":"saving","product_price_position":"after_title","product_image_size":"square","show_color_swatch":false,"show_inventory_quantity":true,"low_inventory_threshold":100,"show_reviews_badge":true,"cart_type":"page","cart_empty_button_link":"shopify:\/\/collections\/all","cart_show_free_shipping_threshold":false,"cart_free_shipping_threshold":"50","social_facebook":"https:\/\/pt-br.facebook.com\/magazineluiza\/","social_twitter":"https:\/\/https:\/\/distribuidoradelojjaasssss.myshopify.com\/r\/busca\/twitter\/","social_pinterest":"","social_instagram":"https:\/\/www.instagram.com\/magazineluiza\/","social_vimeo":"","social_tumblr":"","social_youtube":"https:\/\/www.youtube.com\/watch?v=7RMvZxeDt28","social_linkedin":"","social_snapchat":"","social_fancy":"","favicon":"shopify:\/\/shop_images\/c0f124af-e5cf-4f88-af7d-a7ef4c5a5920.jpg","checkout_header_image":"shopify:\/\/shop_images\/0086ff.png","checkout_logo_image":"shopify:\/\/shop_images\/a9791a8b-1197-41a4-8563-59ee64c93caa.jpg","checkout_logo_position":"center","checkout_logo_size":"medium","checkout_body_background_image":"","checkout_body_background_color":"#248eff","checkout_input_background_color_mode":"white","checkout_sidebar_background_image":"","checkout_sidebar_background_color":"#f7f4f2","checkout_heading_font":"-apple-system, BlinkMacSystemFont, 'Segoe UI', Roboto, Helvetica, Arial, sans-serif, 'Apple Color Emoji', 'Segoe UI Emoji', 'Segoe UI Symbol'","checkout_body_font":"-apple-system, BlinkMacSystemFont, 'Segoe UI', Roboto, Helvetica, Arial, sans-serif, 'Apple Color Emoji', 'Segoe UI Emoji', 'Segoe UI Symbol'","checkout_accent_color":"#3a2a2f","checkout_button_color":"#00d864","checkout_error_color":"#f71b1b","cordefundo":"#702dfa","header_cordotexto":"#96a3da","header_corsubheader":"#1d2a6c","sections":{"header":{"type":"header","blocks":{"7000eb54-1dfe-42a3-9fb7-577d915b94cb":{"type":"mega_menu","disabled":true,"settings":{"menu_item":"","image_1_heading":"Your image","image_1_text":"Tell your story","image_1_link":"","image_2_heading":"Your image","image_2_text":"Tell your story","image_2_link":""}}},"block_order":["7000eb54-1dfe-42a3-9fb7-577d915b94cb"],"settings":{"enable_sticky_header":false,"rastreiopage":"rastrear-pedido","logo":"shopify:\/\/shop_images\/c0f124af-e5cf-4f88-af7d-a7ef4c5a5920.jpg","logo_max_width":190,"mobile_logo_max_width":140,"barraimg_top":false,"barraimg_bottom":false,"bgimg":"#248eff","imgpc_max_width":65,"imgmob_max_width":100,"linkimg":"https:\/\/dropmeta.com.br\/tema","mostrar_barra":true,"background1":"#fcd000","background2":"#ff5f5f","background3":"#9100ff","background4":"#0086ff","show_locale_selector":false,"show_currency_selector":false,"navigation_menu":"main-menu","desktop_navigation_layout":"inline","desktop_navigation_open_trigger":"hover","show_navigation_social_media":true,"navigation_phone_number":"Telefone aqui","navigation_email":"E-mail aqui","show_condensed_search":false,"show_search_filter":false,"search_menu":"","show_search_menu_title":true}},"footer":{"type":"footer","blocks":{"c9a6c378-573f-4c54-9fc6-5ca6e279f3f2":{"type":"text","settings":{"title":"ATENDIMENTO AO CLIENTE","content":"<p><strong>SAC (Serviço de Atendimento ao Consumidor)<\/strong><\/p><p><strong>Rua<\/strong>: Voluntários da Franca, 1465 - <\/p><p><strong>Bairro: <\/strong>Centro<\/p><p><strong>Cep: <\/strong>14400-490<\/p><p><strong>Cidade: <\/strong>Franca – SP<\/p><p><strong>Cnpj: 47.960.950\/0001-21<\/strong>.<\/p><p><strong>Email: <\/strong>vendas@lojaoficialmagazine.com<br\/><strong>WhatsApp:<\/strong> 0800 1010 8080<\/p>"}},"footer-1":{"type":"links","settings":{"menu":"main-menu"}},"23b7e603-1746-4ba2-b8e6-5856acdfd7a5":{"type":"newsletter","settings":{"title":"Nossa Newsletter","subheading":"<p>Assine nossa newsletter e receba as melhores ofertas DE GRAÇA!<\/p>"}}},"block_order":["c9a6c378-573f-4c54-9fc6-5ca6e279f3f2","footer-1","23b7e603-1746-4ba2-b8e6-5856acdfd7a5"],"settings":{"mostrar_mensagemdeaviso":true,"textdordp":"<p>Preços e condições de pagamento exclusivos para compras neste site oficial, podendo variar com o tempo da oferta. Evite comprar produtos mais baratos ou de outras lojas, pois você pode estar sendo enganado(a) por um golpista. Caso você compre os mesmos produtos em outras lojas,<strong> não nos responsabilizamos por quaisquer problemas.<\/strong><\/p>","mostrar_logotipo":true,"mostrar_selospretos":false,"mostrar_selosbrancos":true,"mostrar_selo1":true,"selo1":"temadropmetaoficial.myshopify.com","mostrar_selo2":true,"selo2":"https:\/\/www.reclameaqui.com.br\/empresa\/magazine-luiza-loja-online\/","mostrar_selo3":true,"selo3":"temadropmetaoficial.myshopify.com","mostrar_barra":true,"background1":"#fcd000","background2":"#ff5f5f","background3":"#9100ff","background4":"#0086ff","show_social_media":true,"show_payment_icons":true,"show_locale_selector":false,"show_currency_selector":false,"show_cookie_bar":true,"text":"<p>Utilizamos cookies para melhorar nosso site e sua experiência de compra. Ao continuar navegando em nosso site,<strong>você está de acordo conforme nossa política quando a utilização de cookies.<\/strong><\/p>","accept_button":"ENTENDI E FECHAR"}},"slideshow":{"type":"slideshow","blocks":{"9f8af47e-f738-4b98-a701-bd502f3f4c3d":{"type":"image","settings":{"show_overlay":false,"overlay_opacity":100,"text_color":"#ffffff","title":"","content":"","content_position":"middle_center","button_background":"#ffffff","button_text_color":"#000000","button_text":"","link":"shopify:\/\/pages\/cuidado"}},"fa2eac7c-9fbf-4ea9-a172-eca738a9012d":{"type":"image","settings":{"show_overlay":false,"overlay_opacity":100,"text_color":"#ffffff","title":"","content":"","content_position":"middle_center","button_background":"#ffffff","button_text_color":"#000000","button_text":"","link":"https:\/\/dropmeta.com.br\/tema"}},"ed09df5b-9134-45d7-82c3-14ffd5dcaac4":{"type":"image","settings":{"show_overlay":false,"overlay_opacity":30,"text_color":"#ffffff","title":"Slide title","content":"Tell your story","content_position":"middle_center","button_background":"#ffffff","button_text_color":"#000000","button_text":"Button","link":""}},"caad5204-45e3-425e-8ad1-d9f9c77941c4":{"type":"image","settings":{"show_overlay":false,"overlay_opacity":30,"text_color":"#ffffff","title":"Slide title","content":"Tell your story","content_position":"middle_center","button_background":"#ffffff","button_text_color":"#000000","button_text":"Button","link":""}},"ded590ea-229e-4581-a648-d94c985275fa":{"type":"image","settings":{"show_overlay":false,"overlay_opacity":30,"text_color":"#ffffff","title":"Slide title","content":"Tell your story","content_position":"middle_center","button_background":"#ffffff","button_text_color":"#000000","button_text":"Button","link":""}},"d4e3e745-1a3b-4c2e-81d6-39139cbe4aa8":{"type":"image","settings":{"show_overlay":false,"overlay_opacity":30,"text_color":"#ffffff","title":"Slide title","content":"Tell your story","content_position":"middle_center","button_background":"#ffffff","button_text_color":"#000000","button_text":"Button","link":""}}},"block_order":["9f8af47e-f738-4b98-a701-bd502f3f4c3d","fa2eac7c-9fbf-4ea9-a172-eca738a9012d","ed09df5b-9134-45d7-82c3-14ffd5dcaac4","caad5204-45e3-425e-8ad1-d9f9c77941c4","ded590ea-229e-4581-a648-d94c985275fa","d4e3e745-1a3b-4c2e-81d6-39139cbe4aa8"],"settings":{"edge_to_edge":false,"section_size":"preserve_ratio","carousel_effect":"slide","autoplay":true,"cycle_speed":5}},"collection-list":{"type":"collection-list","disabled":true,"blocks":{"collection-0":{"type":"collection","settings":{"collection":""}},"collection-1":{"type":"collection","settings":{"collection":""}},"collection-2":{"type":"collection","settings":{"collection":""}},"collection-3":{"type":"collection","settings":{"collection":""}},"collection-4":{"type":"collection","settings":{"collection":""}},"collection-5":{"type":"collection","settings":{"collection":""}},"251025eb-4e17-48d5-b423-fc3c87660798":{"type":"collection","settings":{"collection":""}}},"block_order":["collection-0","collection-1","collection-2","collection-3","collection-4","collection-5","251025eb-4e17-48d5-b423-fc3c87660798"],"settings":{"title":"Our collections","link_title":"View all","link":"shopify:\/\/collections","round_images":true,"show_collection_title":true}},"collection-template":{"type":"collection-template","settings":{"show_collection_image":true,"collapse_collection_description":false,"collection_image_size":"small","products_per_row":"4","default_products_per_page":24,"default_view_layout":"grid","show_quick_buy":"list","show_quick_view":"list","quick_links":"departamentos","quick_links_show_products_count":true,"show_filters":true,"show_filter_color_swatch":false,"filter_type":"tag","open_group_filters_mode":"all_closed","filter_group_order":""}},"recently-viewed-products":{"type":"recently-viewed-products","settings":{"title":"Recently viewed","show_quick_buy":false}},"product-template":{"type":"product-template","settings":{"mostrar_frete1":true,"titulofrete":"Entrega via Correios©","cordaborda":"#00bd58","mostrar_frete2":true,"mostrar_fretegratis":true,"mostrar_frete_full":true,"mostrar_correios":true,"mostrar_devolucao":true,"mostrar_garantia":true,"mostrar_maisvendido":true,"mostrar_campo_personalizado":true,"mostrar_pix":false,"pix":"10","mostrar_contador":true,"bg_contador":"#000000","txt_um_contador":"#ffffff","texto_contador":"Black Friday 2022","txt_dois_contador":"#ffce00","corbandeiras":"#00bd58","mostrar_bandeiras":false,"mostrar_cssryviu":true,"mostrar_cssareviews":true,"mostrar_addtocart":true,"mostrar_quantidadevendidos":true,"mostrar_icone":true,"mostrar_codigodoitem":true,"mostrar_barra_de_entrega":true,"blackfriday":true,"show_vendor":true,"show_sku":true,"selector_mode":"block","color_mode":"variant_image","show_quantity_selector":true,"show_payment_button":true,"image_size":"large","enable_image_zoom":true,"enable_video_looping":false,"zoom_effect":"inside","carousel_effect":"fade","show_inventory_quantity":true,"low_inventory_threshold":8,"content_display_mode":"show_all_and_expand_description","tab_page_1_handle":"politicas-de-trocas-e-devolucoes","tab_page_2_handle":"pagamento-seguro","tab_page_3_handle":"rastreie-seu-pedido","enable_reviews":true,"show_reviews_badge":true,"trust_title":"Pagamento Seguro","show_payment_icons":true,"custom_security_badge":"shopify:\/\/shop_images\/selo_ssl.jpg","show_shipping_estimator":false,"shipping_estimator_default_country":"","show_refunds_policy":true}},"product-recommendations":{"type":"product-recommendations","settings":{"show_product_recommendations":true,"heading":"Talvez você goste","show_quick_buy":false}},"announcement-bar":{"type":"announcement-bar","settings":{"show_announcement":true,"background1":"#34ff24","background2":"#12c204","text_color":"#ffffff","mostraricone":true,"text":"FRETE GRÁTIS PRA TODO BRASIL","show_newsletter":false,"newsletter_button":"","newsletter_title":"Newsletter","newsletter_content":"<p>Se inscreva em nossa newsletter para receber as últimas promoções.<\/p>"}},"popups":{"type":"popups","settings":{}},"text-with-icons":{"type":"text-with-icons","blocks":{"text-with-icons-3":{"type":"item","settings":{"icon":"bi-mobile-payment","custom_icon":"shopify:\/\/shop_images\/seg.jpg","title":"Compra Segura","content":"<p>Ambiente  seguro para pagamentos online<\/p>"}},"text-with-icons-0":{"type":"item","settings":{"icon":"bi-fast-delivery","custom_icon":"shopify:\/\/shop_images\/fre.jpg","title":"Frete Grátis","content":"<p>Envio rápido e acompanhado com código de rastreio<br\/><\/p>"}},"text-with-icons-2":{"type":"item","settings":{"icon":"bi-love","custom_icon":"shopify:\/\/shop_images\/zap.jpg","title":"Suporte Profissional","content":"<p>Equipe de suporte de extrema qualidade a semana toda<br\/><\/p>"}},"text-with-icons-1":{"type":"item","settings":{"icon":"bi-returns","custom_icon":"shopify:\/\/shop_images\/reem.jpg","title":"Satisfação ou Reembolso","content":"<p>Caso haja algo, devolvemos seu dinheiro com velocidade<\/p>"}}},"block_order":["text-with-icons-3","text-with-icons-0","text-with-icons-2","text-with-icons-1"],"settings":{"show_section":true,"stack_mobile":true}},"16153539675ef431a7":{"type":"featured-collection","settings":{"collection":"frontpage","title":"Melhores Ofertas Da Semana Com 80% OFF 🥳","products_count":48,"layout":"horizontal","stack_desktop":true,"show_quick_buy":true,"link_title":"Ver todos","link_url":"shopify:\/\/collections"}},"static-promotion-list":{"type":"static-promotion-list","settings":{"expand_items":false,"section_size":"medium","stack_mobile":false}},"static-recently-viewed-products":{"type":"static-recently-viewed-products","settings":{"show_section":false,"title":"Produtos que você viu recentemente","show_quick_buy":false}},"cart-template":{"type":"cart-template","settings":{"enable_order_notes":true,"mostrar_mensagempixcartao":true,"show_payment_icons":true,"gift_wrap_product":"embrulhar-pedido","gift_wrap_text":"Deseja embrulhar seu pedido?","gift_wrap_button":"Adicionar agora","show_shipping_estimator":false,"shipping_estimator_default_country":"Brazil","trust_heading":"Nossas garantias","upsell_heading":"Aproveite e leve também","upsell_collection":"frontpage","upsell_products_count":4}},"static-newsletter":{"type":"static-newsletter","settings":{"show_section":false,"title":"Subscribe to our newsletter","content":"<p>A short sentence describing what someone will receive by subscribing<\/p>","subtext":"100% free, Unsubscribe any time!","background":"#1e2d7d","text":"#ffffff"}},"page-contact-template":{"type":"page-contact-template","settings":{"form_heading":"Preenche o formulário abaixo.","show_store_info":true,"store_heading":"","store_info":""}},"16494890143053ae61":{"type":"image-with-text","settings":{"image_position":"left","image_width":55,"title":"Pouco De Nós","content":"<p>Desenvolvidos para atender suas necessidades e prezar pela satisfação e segurança entregando produtos da mais alta qualidade da melhor forma possível!<\/p><p><em><strong>Quer saber mais sobre nós e nossa equipe?<\/strong><\/em><br\/>Clique no botão abaixo<\/p>","button_text":"Saber mais sobre nós","button_link":""}},"1649913261818592e3":{"type":"promotion-list","settings":{"expand_items":false,"section_size":"medium","stack_mobile":false}},"minimal-header":{"type":"minimal-header","settings":{"logo":"shopify:\/\/shop_images\/LOGOMARCA_ISO_COLORIDO_ecc51cc9-6d7c-44e7-abfe-2dd750c53836.png","logo_max_width":175,"mobile_logo_max_width":145}},"password-template":{"type":"password-template","settings":{"show_social_media":true,"heading":"Loja milionária em construção!","text":"<p>Para acessar e sentir o gostinho do sucesso, coloque a senha \"4321\".<\/p>","show_newsletter_signup":false,"newsletter_text":"<p>A short sentence describing what someone will receive by subscribing.<\/p>"}},"list-collections-template":{"type":"list-collections-template","settings":{"collections_to_show":"all","show_collection_title":true,"show_collection_overlay":true,"collection_overlay_opacity":20}},"250c33e7-9084-48da-948e-9e11a5fb88cb":{"type":"slideshow","disabled":true,"blocks":{"250c33e7-9084-48da-948e-9e11a5fb88cb-167887549660a0226f-0":{"type":"image","settings":{"show_overlay":false,"overlay_opacity":30,"text_color":"#ffffff","title":"Slide title","content":"Tell your story","content_position":"middle_center","button_background":"#ffffff","button_text_color":"#000000","button_text":"Button","link":""}}},"block_order":["250c33e7-9084-48da-948e-9e11a5fb88cb-167887549660a0226f-0"],"settings":{"edge_to_edge":false,"section_size":"preserve_ratio","carousel_effect":"slide","autoplay":true,"cycle_speed":5}}},"content_for_index":["slideshow","16153539675ef431a7","1649913261818592e3","16494890143053ae61","250c33e7-9084-48da-948e-9e11a5fb88cb"]},"presets":{"Metal":{"heading_color":"#1e2d7d","text_color":"#677279","accent_color":"#00badb","link_color":"#00badb","border_color":"#e1e3e4","background":"#f3f5f6","secondary_background":"#ffffff","error_color":"#ff0000","success_color":"#00aa00","primary_button_background":"#00badb","primary_button_text_color":"#ffffff","secondary_button_background":"#1e2d7d","secondary_button_text_color":"#ffffff","header_background":"#1e2d7d","header_text_color":"#ffffff","header_light_text_color":"#a3afef","header_accent_color":"#00badb","product_on_sale_accent":"#ee0000","product_in_stock_color":"#008a00","product_low_stock_color":"#ee0000","product_sold_out_color":"#8a9297","product_label_1_background":"#008a00","product_label_2_background":"#00a500","product_star_color":"#ffbd00","addzap":true,"zapicon":true,"imagezap":"shopify:\/\/shop_images\/super-oferta.png","numberzap":"5551984869182","titlezap":"Fale Conosco \n<span>\nO melhor suporte é com a Luky Ofertas!\n<\/span>","colorzap":"#ff7200","chatzap":"Olá, estou aqui para te ajudar!","digizap":"Digite sua mensagem...","base_text_font_size":16,"heading_font":"din_next_n5","text_font":"din_next_n4","underline_links":true,"animation_image_zoom":true,"search_mode":"product,article","show_vendor":true,"show_secondary_image":true,"product_price_position":"after_title","product_image_size":"natural","show_discount":true,"discount_mode":"saving","show_color_swatch":false,"show_inventory_quantity":false,"low_inventory_threshold":0,"show_reviews_badge":false,"cart_type":"drawer","cart_empty_button_link":"shopify:\/\/collections\/all","cart_show_free_shipping_threshold":false,"cart_free_shipping_threshold":"50","share_image":"","social_facebook":"","social_twitter":"","social_google_plus":"","social_pinterest":"","social_instagram":"","social_vimeo":"","social_tumblr":"","social_youtube":"","social_linkedin":"","social_snapchat":"","social_fancy":"","favicon":"","checkout_header_image":"","checkout_logo_image":"","checkout_logo_position":"left","checkout_logo_size":"medium","checkout_body_background_image":"","checkout_body_background_color":"#fff","checkout_input_background_color_mode":"white","checkout_sidebar_background_image":"","checkout_sidebar_background_color":"#fafafa","checkout_heading_font":"-apple-system, BlinkMacSystemFont, 'Segoe UI', Roboto, Helvetica, Arial, sans-serif, 'Apple Color Emoji', 'Segoe UI Emoji', 'Segoe UI Symbol'","checkout_body_font":"-apple-system, BlinkMacSystemFont, 'Segoe UI', Roboto, Helvetica, Arial, sans-serif, 'Apple Color Emoji', 'Segoe UI Emoji', 'Segoe UI Symbol'","checkout_accent_color":"#00badb","checkout_button_color":"#00badb","checkout_error_color":"#ff0000","sections":{"header":{"type":"header","settings":{"logo":"","logo_max_width":140,"mobile_logo_max_width":100,"navigation_menu":"main-menu","desktop_navigation_layout":"inline","desktop_navigation_open_trigger":"hover","navigation_phone_number":"Call us 000-000-0000","navigation_email":"info@yourwebsite.com","search_menu":""}},"footer":{"type":"footer","blocks":{"footer-0":{"type":"text","settings":{"title":"About the shop","content":"<p>Use this text area to tell your customers about your brand and vision. You can change it in the theme settings.<\/p>"}},"footer-1":{"type":"links","settings":{"menu":"footer"}},"footer-2":{"type":"newsletter","settings":{"title":"Newsletter","subheading":"<p>A short sentence describing what someone will receive by subscribing<\/p>"}}},"block_order":["footer-0","footer-1","footer-2"],"settings":{"show_social_media":true,"show_payment_icons":true}},"slideshow":{"type":"slideshow","blocks":{"slide-0":{"type":"image","settings":{"image":"","mobile_image":"","text_color":"#ffffff","title":"Tell your story","content":"Tell your story","content_position":"bottomLeft","button_background":"#ffffff","button_text_color":"#000000","button_text":"Button","link":""}},"slide-1":{"type":"image","settings":{"image":"","mobile_image":"","text_color":"#ffffff","title":"Tell your story","content":"Tell your story","content_position":"bottomLeft","button_background":"#ffffff","button_text_color":"#000000","button_text":"Button","link":""}}},"block_order":["slide-0","slide-1"],"settings":{"edge_to_edge":true,"section_size":"preserve_ratio","cycle_speed":5}},"collection-list":{"type":"collection-list","blocks":{"collection-0":{"type":"collection","settings":{"collection":"","image":""}},"collection-1":{"type":"collection","settings":{"collection":"","image":""}},"collection-2":{"type":"collection","settings":{"collection":"","image":""}},"collection-3":{"type":"collection","settings":{"collection":"","image":""}},"collection-4":{"type":"collection","settings":{"collection":"","image":""}},"collection-5":{"type":"collection","settings":{"collection":"","image":""}}},"block_order":["collection-0","collection-1","collection-2","collection-3","collection-4","collection-5"],"settings":{"title":"Our collections","link_title":"View all","link":"shopify:\/\/collections"}},"featured-product":{"type":"featured-product","settings":{"product":"","title":"Featured product","selector_mode":"block","color_mode":"color","zoom_effect":"outside","carousel_effect":"fade","low_inventory_threshold":0}},"collection-template":{"type":"collection-template","settings":{"collection_image_size":"small","default_view_layout":"grid","show_quick_buy":"list","show_quick_view":"list","quick_links":"","filter_type":"tag"}},"recently-viewed-products":{"type":"recently-viewed-products","settings":{"title":"Recently viewed"}},"product-template":{"type":"product-template","settings":{"selector_mode":"block","color_mode":"color","zoom_effect":"outside","carousel_effect":"fade","low_inventory_threshold":0,"tab_page_1_handle":"","tab_page_2_handle":"","tab_page_3_handle":"","custom_security_badge":""}},"product-recommendations":{"type":"product-recommendations","settings":{}},"announcement-bar":{"type":"announcement-bar","settings":{"text_color":"#ffffff","text":"Announce something here","newsletter_button":"Subscribe & Save","newsletter_title":"Newsletter","newsletter_content":"<p>A short sentence describing what someone will receive by subscribing<\/p>"}},"1542984811767":{"type":"featured-collection","settings":{"collection":"","title":"Featured collection","products_count":12,"layout":"vertical","link_title":"View all"}},"1542984842027":{"type":"newsletter","settings":{"title":"Newsletter","content":"<p>A short sentence describing what someone will receive by subscribing<\/p>"}},"1542984882560":{"type":"blog-posts","settings":{"blog":"news","title":"Blog posts"}}},"content_for_index":["slideshow","1542984811767","collection-list","1542984842027","featured-product","1542984882560"]},"Wood":{"heading_color":"#3a2a2f","text_color":"#3a2a2f","accent_color":"#ff6128","link_color":"#ff6128","border_color":"#e7e2de","background":"#f7f4f2","secondary_background":"#ffffff","error_color":"#f71b1b","success_color":"#48b448","primary_button_background":"#ff6128","primary_button_text_color":"#ffffff","secondary_button_background":"#3a2a2f","secondary_button_text_color":"#ffffff","header_background":"#3a2a2f","header_text_color":"#ffffff","header_light_text_color":"#e9e2dd","header_accent_color":"#ff6128","product_on_sale_accent":"#ee0000","product_in_stock_color":"#008a00","product_low_stock_color":"#ee0000","product_sold_out_color":"#d1d1d4","product_label_1_background":"#ff6128","product_label_2_background":"#a95ebe","product_star_color":"#ffb647","base_text_font_size":15,"heading_font":"itc_avant_garde_gothic_n5","text_font":"basic_commercial_n4","underline_links":true,"animation_image_zoom":true,"search_mode":"product,article,page","show_vendor":true,"show_secondary_image":true,"show_discount":true,"discount_mode":"percentage","product_price_position":"after_title","product_image_size":"square","show_color_swatch":false,"show_inventory_quantity":true,"low_inventory_threshold":1,"show_reviews_badge":false,"cart_type":"drawer","cart_empty_button_link":"shopify:\/\/collections\/all","cart_show_free_shipping_threshold":true,"cart_free_shipping_threshold":"50","checkout_logo_position":"center","checkout_logo_size":"medium","checkout_body_background_image":"","checkout_body_background_color":"#fff","checkout_input_background_color_mode":"white","checkout_sidebar_background_image":"","checkout_sidebar_background_color":"#f7f4f2","checkout_heading_font":"-apple-system, BlinkMacSystemFont, 'Segoe UI', Roboto, Helvetica, Arial, sans-serif, 'Apple Color Emoji', 'Segoe UI Emoji', 'Segoe UI Symbol'","checkout_body_font":"-apple-system, BlinkMacSystemFont, 'Segoe UI', Roboto, Helvetica, Arial, sans-serif, 'Apple Color Emoji', 'Segoe UI Emoji', 'Segoe UI Symbol'","checkout_accent_color":"#ff6128","checkout_button_color":"#ff6128","checkout_error_color":"#f71b1b","sections":{"header":{"type":"header","settings":{"logo":"","logo_max_width":140,"mobile_logo_max_width":100,"navigation_menu":"main-menu","desktop_navigation_layout":"inline","desktop_navigation_open_trigger":"hover","navigation_phone_number":"Call us 000-000-0000","navigation_email":"info@yourwebsite.com","search_menu":""}},"footer":{"type":"footer","blocks":{"footer-0":{"type":"text","settings":{"title":"About the shop","content":"<p>Use this text area to tell your customers about your brand and vision. You can change it in the theme settings.<\/p>"}},"footer-1":{"type":"links","settings":{"menu":"footer"}},"footer-2":{"type":"newsletter","settings":{"title":"Newsletter","subheading":"<p>A short sentence describing what someone will receive by subscribing<\/p>"}}},"block_order":["footer-0","footer-1","footer-2"],"settings":{"show_social_media":true,"show_payment_icons":true}},"slideshow":{"type":"slideshow","blocks":{"slide-0":{"type":"image","settings":{"image":"","mobile_image":"","text_color":"#ffffff","title":"Tell your story","content":"Tell your story","content_position":"bottomLeft","button_background":"#ffffff","button_text_color":"#000000","button_text":"Button","link":""}},"slide-1":{"type":"image","settings":{"image":"","mobile_image":"","text_color":"#ffffff","title":"Tell your story","content":"Tell your story","content_position":"bottomLeft","button_background":"#ffffff","button_text_color":"#000000","button_text":"Button","link":""}}},"block_order":["slide-0","slide-1"],"settings":{"edge_to_edge":true,"section_size":"preserve_ratio","cycle_speed":5}},"collection-list":{"type":"collection-list","blocks":{"collection-0":{"type":"collection","settings":{"collection":"","image":""}},"collection-1":{"type":"collection","settings":{"collection":"","image":""}},"collection-2":{"type":"collection","settings":{"collection":"","image":""}},"collection-3":{"type":"collection","settings":{"collection":"","image":""}},"collection-4":{"type":"collection","settings":{"collection":"","image":""}},"collection-5":{"type":"collection","settings":{"collection":"","image":""}}},"block_order":["collection-0","collection-1","collection-2","collection-3","collection-4","collection-5"],"settings":{"title":"Our collections","link_title":"View all","link":"shopify:\/\/collections"}},"collection-template":{"type":"collection-template","settings":{"collection_image_size":"small","default_view_layout":"grid","show_quick_buy":"list","show_quick_view":"list","quick_links":"","filter_type":"tag"}},"recently-viewed-products":{"type":"recently-viewed-products","settings":{"title":"Recently viewed"}},"product-template":{"type":"product-template","settings":{"selector_mode":"block","color_mode":"color","zoom_effect":"outside","carousel_effect":"fade","low_inventory_threshold":0,"tab_page_1_handle":"","tab_page_2_handle":"","tab_page_3_handle":"","custom_security_badge":""}},"product-recommendations":{"type":"product-recommendations","settings":{}},"announcement-bar":{"type":"announcement-bar","settings":{"text_color":"#ffffff","text":"Announce something here","newsletter_button":"Subscribe & Save","newsletter_title":"Newsletter","newsletter_content":"<p>A short sentence describing what someone will receive by subscribing<\/p>"}},"1542984811767":{"type":"featured-collection","settings":{"collection":"","title":"Featured collection","products_count":12,"layout":"vertical","link_title":"View all"}},"1550833441117":{"type":"collection-with-image","settings":{"collection":"","products_count":12,"image":"","text_color":"#ffffff","title":"Our best sellers","content":"Shop our most popular products for this season.","button_background":"#e95d2b","button_text_color":"#ffffff","button_text":"Learn more","button_link":""}},"1555314133560":{"type":"promotion-list","blocks":{"1555314133560-0":{"type":"item","settings":{"image":"","show_overlay":false,"stretch_image":false,"background":"#6f42ef","text_color":"#ffffff","title":"Your heading","content":"Tell more about your product, collection...","button_background":"#ffffff","button_text_color":"#6f42ef","button_text":"Learn more","button_link":""}},"1555314133560-1":{"type":"item","settings":{"image":"","show_overlay":false,"stretch_image":false,"background":"#fc2a68","text_color":"#ffffff","title":"Your heading","content":"Tell more about your product, collection...","button_background":"#ffffff","button_text_color":"#fc2a68","button_text":"Learn more","button_link":""}},"1555314133560-2":{"type":"item","settings":{"image":"","show_overlay":false,"stretch_image":false,"background":"#26c1ce","text_color":"#ffffff","title":"Your heading","content":"Tell more about your product, collection...","button_background":"#ffffff","button_text_color":"#26c1ce","button_text":"Learn more","button_link":""}}},"block_order":["1555314133560-0","1555314133560-1","1555314133560-2"],"settings":{"expand_items":false,"section_size":"medium","stack_mobile":false}},"1542984882560":{"type":"blog-posts","settings":{"blog":"news","title":"Blog posts"}}},"content_for_index":["slideshow","1542984811767","1555314133560","collection-list","1550833441117","1542984882560"]}}}